reheat_hours,profit,time_dual_value
36.642857142857146,193028.57,1800.0
37.642857142857146,194828.57,0.0
36.714285714285715,193157.14,1800.0
37.714285714285715,194828.57,0.0
